<?xml version="1.0" encoding="UTF-8"?>
<project-private xmlns="http://www.netbeans.org/ns/project-private/1">
    <editor-bookmarks xmlns="http://www.netbeans.org/ns/editor-bookmarks/2" lastBookmarkId="0"/>
    <open-files xmlns="http://www.netbeans.org/ns/projectui-open-files/2">
        <group>
            <file>file:/C:/xampp/htdocs/myapp/src/UserBundle/Entity/user.php</file>
            <file>file:/C:/xampp/htdocs/myapp/web/app_dev.php</file>
            <file>file:/C:/xampp/htdocs/myapp/src/UserBundle/Controller/RegisterController.php</file>
            <file>file:/C:/xampp/htdocs/myapp/src/TaskBundle/Resources/config/routing.yml</file>
            <file>file:/C:/xampp/htdocs/myapp/app/Resources/views/base.html.twig</file>
            <file>file:/C:/xampp/htdocs/myapp/src/UserBundle/Form/UserType.php</file>
            <file>file:/C:/xampp/htdocs/myapp/src/TaskBundle/Entity/task.php</file>
            <file>file:/C:/xampp/htdocs/myapp/src/TaskBundle/Controller/taskController.php</file>
            <file>file:/C:/xampp/htdocs/myapp/app/Resources/views/task/show.html.twig</file>
            <file>file:/C:/xampp/htdocs/myapp/src/TaskBundle/Controller/DefaultController.php</file>
            <file>file:/C:/xampp/htdocs/myapp/src/TaskBundle/Resources/config/routing/task.yml</file>
            <file>file:/C:/xampp/htdocs/myapp/app/config/security.yml</file>
            <file>file:/C:/xampp/htdocs/myapp/src/TaskBundle/Resources/config/doctrine/task.orm.yml</file>
            <file>file:/C:/xampp/htdocs/myapp/src/UserBundle/Resources/config/routing.yml</file>
            <file>file:/C:/xampp/htdocs/myapp/src/UserBundle/Resources/views/Register/register.html.twig</file>
            <file>file:/C:/xampp/htdocs/myapp/src/UserBundle/Resources/views/base.html.twig</file>
            <file>file:/C:/xampp/htdocs/myapp/src/UserBundle/Resources/views/Default/index.html.twig</file>
            <file>file:/C:/xampp/htdocs/myapp/src/TaskBundle/Form/taskType.php</file>
            <file>file:/C:/xampp/htdocs/myapp/src/TaskBundle/Resources/views/Default/index.html.twig</file>
        </group>
    </open-files>
</project-private>
